#,DATE,LTP*,HIGH,LOW,OPENP*,CLOSEP*,YCP,TRADE,TRADING CODE,,VALUE (mn),
,,,,,,,,,,,,
1,3/13/2022,ROBI,36.5,36.8,35.9,36.2,36.5,35.9,"1,070",54.447,"1,495,031",
2,3/10/2022,ROBI,35.9,36.6,35.8,36.1,35.9,36,919,25.678,"712,287",
3,3/9/2022,ROBI,36,36.7,35.7,35.9,36,35.7,"1,128",42.975,"1,192,649",
4,3/8/2022,ROBI,35.7,36.2,35.1,36.2,35.7,35.5,954,24.19,"678,966",
5,3/7/2022,ROBI,35.5,37.6,35.3,35.4,35.5,35.1,"2,618",71.224,"1,961,754",
6,3/6/2022,ROBI,35.1,35.6,35,35.5,35.1,35.4,779,20.14,"574,107",
7,3/3/2022,ROBI,35.4,35.5,35,35.3,35.4,35.3,"1,062",21.364,"607,129",
8,3/2/2022,ROBI,35.3,35.8,35,35.4,35.3,35.6,850,19.195,"545,597",
9,3/1/2022,ROBI,35.6,36.1,35.4,35.9,35.6,35.6,"1,452",17.501,"489,776",
10,2/28/2022,ROBI,35.6,35.9,35,35.4,35.6,35.3,"1,429",27.951,"787,281",
11,2/27/2022,ROBI,35.3,36.4,35,36.4,35.3,36.4,"2,670",51.541,"1,451,688",
12,2/24/2022,ROBI,36.4,37,36.2,36.6,36.4,36.7,"1,287",25.242,"692,142",
13,2/23/2022,ROBI,36.7,36.8,36.5,36.8,36.7,36.5,749,12.517,"341,261",
14,2/22/2022,ROBI,36.5,37.1,36.3,37,36.5,36.9,"1,340",26.609,"725,837",
15,2/20/2022,ROBI,36.9,37.7,36.8,37.7,36.9,37.2,"1,177",20.681,"558,986",
16,2/17/2022,ROBI,37.2,37.7,37.1,37.6,37.2,37.6,"1,598",29.1,"780,340",
17,2/16/2022,ROBI,37.6,38.2,37.6,37.7,37.6,37.7,833,21.533,"571,470",
18,2/15/2022,ROBI,37.7,38.5,37.7,38.5,37.7,38.5,"1,393",33.91,"895,140",
19,2/14/2022,ROBI,38.5,38.9,38.3,38.9,38.5,38.6,"1,917",30.307,"785,785",
20,2/13/2022,ROBI,38.6,39.2,38.5,38.8,38.6,38.8,"1,646",30.666,"792,619",
21,2/10/2022,ROBI,38.8,39.1,38.7,39,38.8,39,"1,260",56.548,"1,455,987",
22,2/9/2022,ROBI,39,39.3,38.7,38.8,39,38.8,"1,050",52.402,"1,343,423",
23,2/8/2022,ROBI,38.8,39.5,38.7,39.4,38.8,39.4,"1,332",76.8,"1,967,171",
24,2/7/2022,ROBI,39.4,40,39.3,39.9,39.4,39.7,910,51.378,"1,296,139",
25,2/6/2022,ROBI,39.7,40.4,38.9,38.9,39.7,38.9,"2,026",77.84,"1,956,052",
26,2/3/2022,ROBI,38.9,39.2,38.6,38.7,38.9,38.9,900,40.633,"1,043,759",
27,2/2/2022,ROBI,38.9,39.7,38.3,38.4,38.9,38.3,"1,755",54.625,"1,400,822",
28,2/1/2022,ROBI,38.3,38.5,37.8,37.8,38.3,37.5,980,56.381,"1,480,766",
29,1/31/2022,ROBI,37.5,38.1,37.3,38,37.5,38,"1,484",40.647,"1,079,213",
30,1/30/2022,ROBI,38,38.4,37.9,38.1,38,38.1,"1,050",33.242,"873,791",
31,1/27/2022,ROBI,38.1,38.4,38.1,38.2,38.1,38.1,853,30.149,"790,369",
32,1/26/2022,ROBI,38.1,38.5,38.1,38.2,38.1,38.2,794,23.398,"612,722",
33,1/25/2022,ROBI,38.2,38.7,38,38.2,38.2,38.2,972,30.702,"801,713",
34,1/24/2022,ROBI,38.2,38.6,38.1,38.5,38.2,38.5,"1,318",38.165,"997,223",
35,1/23/2022,ROBI,38.5,39.3,38.4,39.3,38.5,39.2,"1,972",69.02,"1,782,356",
36,1/20/2022,ROBI,39.2,39.7,39.1,39.2,39.2,39.2,"1,840",76.502,"1,947,447",
37,1/19/2022,ROBI,39.2,39.9,39.1,39.7,39.2,39.7,"2,133",77.386,"1,965,049",
38,1/18/2022,ROBI,39.7,41.3,39.6,40.8,39.7,40.5,"2,481",126.284,"3,133,940",
39,1/17/2022,ROBI,40.5,41.2,39,39.5,40.5,39.3,"2,807",140.888,"3,526,843",
40,1/16/2022,ROBI,39.3,41.2,39.1,40.8,39.3,40.8,"3,971",198.859,"4,978,074",
41,1/13/2022,ROBI,40.8,42,40.6,41.5,40.8,41.2,"2,601",73.195,"1,780,544",
42,1/12/2022,ROBI,41.2,42,38,38,41.2,38.2,"9,939",533.173,"12,934,192",
43,1/11/2022,ROBI,38.2,38.5,37.8,38.3,38.2,38.1,"1,864",76.305,"1,999,227",
44,1/10/2022,ROBI,38.1,38.3,36.8,37,38.1,37.1,"1,634",41.377,"1,106,793",
45,1/9/2022,ROBI,37.1,38.9,37,38.9,37.1,39,"2,838",80.849,"2,140,607",
46,1/6/2022,ROBI,39,40.9,38.5,40.1,39,38.8,"5,118",148.092,"3,737,966",
47,1/5/2022,ROBI,38.8,38.8,35.5,35.6,38.8,35.3,"2,808",121.641,"3,187,650",
48,1/4/2022,ROBI,35.3,35.5,35,35.1,35.3,35.1,875,21.586,"613,560",
49,1/3/2022,ROBI,35.1,35.4,34.8,34.9,35.1,34.7,"1,198",42.52,"1,211,082",
50,1/2/2022,ROBI,34.7,35,34.5,34.8,34.7,34.6,"1,030",30.211,"870,427",
51,12/30/2021,ROBI,0,0,0,0,34.6,34.6,0,0,0,
52,12/29/2021,ROBI,34.6,35.1,34.4,35.1,34.6,34.9,"1,801",33.143,"957,306",
53,12/28/2021,ROBI,34.9,35.1,34.6,34.6,34.9,34.5,"2,363",38.767,"1,113,547",
54,12/27/2021,ROBI,34.5,35.3,33.8,34.2,34.5,34.1,"2,471",38.886,"1,124,757",
55,12/26/2021,ROBI,34.1,35.6,34,35.6,34.1,35.6,"3,435",51.526,"1,489,125",
56,12/23/2021,ROBI,35.6,36.3,35.5,36.3,35.6,36.1,"2,621",39.511,"1,104,773",
57,12/22/2021,ROBI,36.1,36.6,36,36.4,36.1,36.3,"2,911",40.133,"1,111,346",
58,12/21/2021,ROBI,36.3,36.9,36.2,36.9,36.3,36.6,"1,871",26.969,"739,021",
59,12/20/2021,ROBI,36.6,37.3,36.5,37.2,36.6,37.1,"2,624",44.04,"1,200,022",
60,12/19/2021,ROBI,37.1,38,37,38,37.1,38,"3,895",50.404,"1,354,938",
61,12/15/2021,ROBI,38,38.7,37.9,38.5,38,38.3,"1,197",37.522,"986,980",
62,12/14/2021,ROBI,38.3,38.9,38.2,38.9,38.3,38.9,"1,279",31.015,"806,303",
63,12/13/2021,ROBI,38.9,39.2,38.7,39.2,38.9,39,"1,176",23.565,"605,272",
64,12/12/2021,ROBI,39,39.2,38.6,39,39,38.9,"2,064",35.79,"918,030",
65,12/9/2021,ROBI,38.9,39.2,38.8,39.1,38.9,38.8,"1,330",22.568,"578,911",
66,12/8/2021,ROBI,38.8,39.2,38.7,39.2,38.8,39,"1,403",24.225,"623,034",
67,12/7/2021,ROBI,39,39.3,38.9,39.1,39,39.1,"1,024",24.211,"620,784",
68,12/6/2021,ROBI,39.1,39.6,39,39.2,39.1,39.4,565,17.466,"446,252",
69,12/5/2021,ROBI,39.4,39.6,39,39.1,39.4,38.8,"3,885",53.103,"1,348,493",
70,12/2/2021,ROBI,38.8,39,38.1,38.5,38.8,38.6,"2,825",24.454,"632,423",
71,12/1/2021,ROBI,38.6,38.8,38.2,38.3,38.6,38,"1,420",18.547,"480,587",
72,11/30/2021,ROBI,38,38.8,37.8,38.8,38,38.6,"1,955",34.526,"903,638",
73,11/29/2021,ROBI,38.6,38.8,38.6,38.6,38.6,38.6,773,10.136,"262,101",
74,11/28/2021,ROBI,38.6,39,38.5,38.8,38.6,38.8,"1,157",21.747,"562,234",
75,11/25/2021,ROBI,38.8,39.1,38.7,38.9,38.8,38.9,830,21.967,"565,702",
76,11/24/2021,ROBI,38.9,39.4,38.9,39.4,38.9,39.1,836,30.67,"786,304",
77,11/23/2021,ROBI,39.1,39.3,38.8,38.9,39.1,38.9,915,25.799,"659,998",
78,11/22/2021,ROBI,38.9,39,38.7,38.8,38.9,38.7,948,29.556,"760,201",
79,11/21/2021,ROBI,38.7,39,38.6,39,38.7,38.8,"1,216",29.277,"755,049",
80,11/18/2021,ROBI,38.8,39.2,38.7,38.9,38.8,38.9,"1,158",34.177,"878,898",
81,11/17/2021,ROBI,38.9,39.4,38.8,39.4,38.9,39,821,28.655,"735,210",
82,11/16/2021,ROBI,39,39.4,38.9,39.1,39,38.9,956,37.987,"971,796",
83,11/15/2021,ROBI,38.9,39.5,38.5,39,38.9,39.1,853,29.542,"757,682",
84,11/14/2021,ROBI,39.1,39.9,38.9,39.8,39.1,39.7,"1,049",31.077,"791,610",
85,11/11/2021,ROBI,39.7,40.5,39.3,39.3,39.7,39.3,"1,519",43.792,"1,095,288",
86,11/10/2021,ROBI,39.3,39.5,38.9,39,39.3,38.9,931,19.926,"507,289",
87,11/9/2021,ROBI,38.9,39.1,38.7,38.8,38.9,38.7,"1,026",29.857,"767,523",
88,11/8/2021,ROBI,38.7,39.1,38.6,39,38.7,38.9,"1,438",42.022,"1,083,154",
89,11/7/2021,ROBI,38.9,39.5,38.8,39,38.9,39.2,"1,262",24.618,"630,986",
90,11/4/2021,ROBI,39.2,39.5,39.1,39.5,39.2,39.4,"1,129",28.288,"720,748",
91,11/3/2021,ROBI,39.4,39.9,39.1,39.8,39.4,39.7,"1,088",32.792,"829,223",
92,11/2/2021,ROBI,39.7,40.1,39.5,39.9,39.7,39.7,"1,403",56.185,"1,408,409",
93,11/1/2021,ROBI,39.7,40.5,39.4,40.3,39.7,40.1,"1,476",52.696,"1,320,158",
94,10/31/2021,ROBI,40.1,40.8,39.9,40.5,40.1,39.5,"2,227",58.478,"1,448,420",
95,10/28/2021,ROBI,39.5,39.9,39.2,39.9,39.5,39.5,"1,484",37.182,"943,302",
96,10/27/2021,ROBI,39.5,40,39.3,39.9,39.5,39.5,"1,140",38.604,"974,390",
97,10/26/2021,ROBI,39.5,40.3,38.6,39,39.5,38.7,"1,593",54.654,"1,390,011",
98,10/25/2021,ROBI,38.7,39.4,38.5,39.3,38.7,39.1,"1,859",75.307,"1,941,124",
99,10/24/2021,ROBI,39.1,39.9,39,39.8,39.1,39.7,"1,748",55.962,"1,426,077",
100,10/21/2021,ROBI,39.7,40.3,39.6,40.2,39.7,39.9,"1,565",51.251,"1,286,825",
101,10/19/2021,ROBI,39.9,40.8,39.6,40.4,39.9,40.1,"1,443",48.179,"1,202,856",
102,10/18/2021,ROBI,40.1,41.1,39.6,39.9,40.1,39.9,"3,100",81.191,"2,013,814",
103,10/17/2021,ROBI,39.9,40.8,39.8,40.5,39.9,40.5,"3,330",74.087,"1,850,189",
104,10/14/2021,ROBI,40.5,40.9,40.3,40.8,40.5,40.7,"2,925",60.885,"1,503,317",
105,10/13/2021,ROBI,40.7,41.6,40.5,41,40.7,40.9,"2,875",76.513,"1,871,318",
106,10/12/2021,ROBI,40.9,42.1,40.7,42,40.9,42,"3,113",111.591,"2,710,003",
107,10/11/2021,ROBI,42,43.2,41.7,42.5,42,42.6,"3,758",189.487,"4,478,751",
108,10/10/2021,ROBI,42.6,45.3,42.5,43.7,42.6,43.1,"5,281",248.803,"5,668,038",
109,10/7/2021,ROBI,43.1,43.1,38.6,39.2,43.1,39.2,"8,378",418.083,"9,901,288",
110,10/6/2021,ROBI,39.2,40,39,39.7,39.2,39.7,"3,356",83.337,"2,110,438",
111,10/5/2021,ROBI,39.7,40.7,39.6,40.6,39.7,40.6,"6,179",130.046,"3,258,268",
112,10/4/2021,ROBI,40.6,41.3,40.5,41.1,40.6,41.1,"3,140",113.781,"2,792,936",
113,10/3/2021,ROBI,41.1,41.5,41,41.2,41.1,41.2,"1,940",70.419,"1,709,024",
114,9/30/2021,ROBI,41.2,41.8,41.1,41.6,41.2,41.5,"3,582",126.297,"3,053,942",
115,9/29/2021,ROBI,41.5,41.9,41.4,41.5,41.5,41.6,"1,922",67.559,"1,624,781",
116,9/28/2021,ROBI,41.6,42,41.3,42,41.6,41.7,"2,520",88.152,"2,124,255",
117,9/27/2021,ROBI,41.7,42,41.6,41.7,41.7,41.7,"1,903",64.299,"1,542,154",
118,9/26/2021,ROBI,41.7,42,41.6,42,41.7,41.8,"1,896",64.782,"1,552,213",
119,9/23/2021,ROBI,41.8,42.2,41.7,42.2,41.8,42,"2,058",81.234,"1,939,215",
120,9/22/2021,ROBI,42,42.8,42,42.6,42,42.5,"1,639",67.769,"1,605,083",
121,9/21/2021,ROBI,42.5,43,42.2,42.4,42.5,42.2,"4,124",112.068,"2,622,979",
122,9/20/2021,ROBI,42.2,42.4,42,42.2,42.2,42,"2,783",61.682,"1,461,427",
123,9/19/2021,ROBI,42,42.4,41.9,42,42,41.9,"2,908",99.021,"2,355,381",
124,9/16/2021,ROBI,41.9,42.2,41.8,42,41.9,41.9,"2,810",84.523,"2,014,017",
125,9/15/2021,ROBI,41.9,42.4,41.8,42.1,41.9,42.1,"2,951",100.411,"2,392,065",
126,9/14/2021,ROBI,42.1,42.5,42,42.4,42.1,42.2,"3,016",99.68,"2,363,056",
127,9/13/2021,ROBI,42.2,42.5,42.2,42.3,42.2,42.3,"2,507",98.464,"2,325,999",
128,9/12/2021,ROBI,42.3,42.8,42.2,42.6,42.3,42.6,"3,162",134.995,"3,175,941",
129,9/9/2021,ROBI,42.6,43,42.5,42.9,42.6,43,"2,752",111.101,"2,601,526",
130,9/8/2021,ROBI,43,43.5,42.9,43.5,43,43.2,"2,622",109.098,"2,527,010",
131,9/7/2021,ROBI,43.2,43.7,42.3,42.6,43.2,42.5,"4,625",248.64,"5,779,030",
132,9/6/2021,ROBI,42.5,42.9,42.3,42.6,42.5,42.3,"2,588",114.814,"2,697,379",
133,9/5/2021,ROBI,42.3,42.7,42.3,42.7,42.3,42.4,"3,204",142.358,"3,355,912",
134,9/2/2021,ROBI,42.4,42.8,42.3,42.5,42.4,42.4,"2,544",129.485,"3,048,122",
135,9/1/2021,ROBI,42.4,43.2,42.3,42.7,42.4,42.7,"2,704",98.977,"2,323,297",
136,8/31/2021,ROBI,42.7,43.3,42.3,42.6,42.7,42.5,"2,710",112.389,"2,636,295",
137,8/29/2021,ROBI,42.5,43.5,42.3,43.3,42.5,43.5,"3,008",123.232,"2,889,983",
138,8/26/2021,ROBI,43.5,44.7,43.1,44.6,43.5,44.7,"3,242",161.813,"3,701,316",
139,8/25/2021,ROBI,44.7,45.4,44,44,44.7,43.3,"8,014",450.098,"10,041,072",
140,8/24/2021,ROBI,43.3,43.8,41.9,42.2,43.3,42,"4,505",218.742,"5,095,451",
141,8/23/2021,ROBI,42,42.2,41.7,42,42,41.9,"2,878",131.488,"3,137,247",
142,8/22/2021,ROBI,41.9,42.4,41.7,42,41.9,41.7,"2,574",107.414,"2,561,056",
143,8/19/2021,ROBI,41.7,42.5,41.5,42.1,41.7,42,"3,166",106.827,"2,551,317",
144,8/18/2021,ROBI,42,42.9,41.8,42.7,42,42.6,"2,942",127.799,"3,015,529",
145,8/17/2021,ROBI,42.6,43.1,41.6,41.7,42.6,41.6,"2,868",138.44,"3,245,416",
146,8/16/2021,ROBI,41.6,42.3,41.5,42.3,41.6,42.3,"5,186",186.252,"4,460,225",
147,8/12/2021,ROBI,42.3,42.7,42.1,42.7,42.3,42.4,"3,729",139.511,"3,300,934",
148,8/11/2021,ROBI,42.4,42.9,42.2,42.8,42.4,42.8,"3,822",189.5,"4,453,286",
149,8/10/2021,ROBI,42.8,43,42.7,42.9,42.8,42.8,"3,496",167.363,"3,906,451",
150,8/9/2021,ROBI,42.8,43.2,42.7,43.2,42.8,43.1,"4,279",210.69,"4,916,376",
151,8/5/2021,ROBI,43.1,43.4,43,43,43.1,43.1,"3,058",147.523,"3,422,677",
152,8/3/2021,ROBI,43.1,43.3,42.9,43.1,43.1,42.9,"3,275",180.556,"4,199,961",
153,8/2/2021,ROBI,42.9,43.2,42.7,43,42.9,43,"4,082",150.05,"3,499,439",
154,7/29/2021,ROBI,43,43.4,42.9,43.3,43,43.4,"3,222",121.211,"2,818,144",
155,7/28/2021,ROBI,43.4,43.5,42.6,43.2,43.4,44.3,"4,178",176.822,"4,097,082",
156,7/27/2021,ROBI,44.3,44.9,44.2,44.6,44.3,44.6,"1,885",87.977,"1,978,329",
157,7/26/2021,ROBI,44.6,44.7,44.2,44.6,44.6,44.2,"1,936",75.336,"1,694,645",
158,7/25/2021,ROBI,44.2,45,44.1,44.9,44.2,44.9,"2,060",99.101,"2,230,937",
159,7/19/2021,ROBI,44.9,45.9,44.7,45.5,44.9,45.3,"3,279",170.816,"3,775,937",
160,7/18/2021,ROBI,45.3,45.5,43.6,43.6,45.3,43.6,"4,791",216.517,"4,835,979",
161,7/15/2021,ROBI,43.6,43.7,43.4,43.5,43.6,43.4,"2,099",80.166,"1,839,760",
162,7/14/2021,ROBI,43.4,43.8,43.3,43.8,43.4,43.5,"2,673",82.297,"1,893,593",
163,7/13/2021,ROBI,43.5,43.8,43.4,43.5,43.5,43.5,"2,531",98.962,"2,272,338",
164,7/12/2021,ROBI,43.5,44,43.4,43.7,43.5,43.6,"2,832",83.834,"1,924,870",
165,7/8/2021,ROBI,43.6,43.9,43.5,43.7,43.6,43.6,"3,056",74.638,"1,710,584",
166,7/7/2021,ROBI,43.6,44.3,43.5,43.5,43.6,43.5,"4,311",115.268,"2,634,402",
167,7/6/2021,ROBI,43.5,44,43.4,44,43.5,43.6,"3,280",111.151,"2,549,906",
168,7/5/2021,ROBI,43.6,44.5,43.4,44.3,43.6,44,"3,026",108.164,"2,472,061",
169,6/30/2021,ROBI,44,44.2,43.2,43.2,44,43.1,"2,035",103.18,"2,359,618",
170,6/29/2021,ROBI,43.1,43.5,43,43.3,43.1,43.3,"2,962",128.286,"2,967,627",
171,6/28/2021,ROBI,43.3,43.6,43.1,43.2,43.3,43.2,"2,359",82.538,"1,904,456",
172,6/27/2021,ROBI,43.2,44.2,43,43.8,43.2,44.1,"4,170",130.091,"2,988,043",
173,6/24/2021,ROBI,44.1,44.8,44,44.5,44.1,44.5,"2,832",119.491,"2,700,039",
174,6/23/2021,ROBI,44.5,45.5,44.3,45.3,44.5,45,"3,352",151.714,"3,386,324",
175,6/22/2021,ROBI,45,45.3,44.1,44.5,45,44.1,"7,446",212.052,"4,743,456",
176,6/21/2021,ROBI,44.1,44.5,43.8,44,44.1,43.8,"3,815",130.971,"2,966,320",
177,6/20/2021,ROBI,43.8,44.3,43.7,43.9,43.8,44,"3,914",134.772,"3,072,615",
178,6/17/2021,ROBI,44,44.4,43.9,44.1,44,44.1,"3,788",119.557,"2,712,522",
179,6/16/2021,ROBI,44.1,45.3,43.8,44.1,44.1,43.8,"5,767",243.858,"5,479,889",
180,6/15/2021,ROBI,43.8,44.3,43.7,43.9,43.8,44,"7,256",164.129,"3,735,639",
181,6/14/2021,ROBI,44,44.5,43.8,44.2,44,44.2,"5,279",138.934,"3,154,466",
182,6/13/2021,ROBI,44.2,45.3,44.1,45.3,44.2,44.9,"4,972",164.175,"3,691,638",
183,6/10/2021,ROBI,44.9,45.4,44,44,44.9,43.8,"4,233",238.314,"5,332,456",
184,6/9/2021,ROBI,43.8,44.7,43.6,44.5,43.8,44.4,"7,912",355.617,"8,093,031",
185,6/8/2021,ROBI,44.4,45.2,44.2,45.1,44.4,44.9,"5,011",182.796,"4,100,431",
186,6/7/2021,ROBI,44.9,45.6,44.6,45,44.9,44.7,"4,699",204.738,"4,545,292",
187,6/6/2021,ROBI,44.7,46,44.5,46,44.7,46.6,"9,257",429.774,"9,559,619",
188,6/3/2021,ROBI,46.6,47.4,46.4,47,46.6,46.8,"4,464",218.644,"4,678,488",
189,6/2/2021,ROBI,46.8,47.7,46.7,47.6,46.8,47.4,"3,996",231.914,"4,938,664",
190,6/1/2021,ROBI,47.4,48.4,47.2,47.9,47.4,47.7,"6,398",218.964,"4,586,233",
191,5/31/2021,ROBI,47.7,48.4,47.2,47.4,47.7,47.1,"7,407",240.073,"5,024,334",
192,5/30/2021,ROBI,47.1,47.4,47,47.3,47.1,47,"6,515",273.692,"5,802,374",
193,5/27/2021,ROBI,47,47.5,46.9,47.3,47,47.1,"4,962",331.031,"7,035,204",
194,5/25/2021,ROBI,47.1,48.2,47,47.5,47.1,47,"4,257",249.781,"5,282,957",
195,5/24/2021,ROBI,47,47.7,46.5,46.7,47,46.6,"4,031",206.339,"4,398,149",
196,5/23/2021,ROBI,46.6,47.8,46.4,47.5,46.6,47.4,"4,662",217.984,"4,646,610",
197,5/20/2021,ROBI,47.4,48,47.3,47.8,47.4,47.6,"3,438",224.068,"4,705,678",
198,5/19/2021,ROBI,47.6,48.6,47.4,48.5,47.6,48.3,"5,226",401.313,"8,379,265",
199,5/18/2021,ROBI,48.3,49.8,48,49.5,48.3,49.2,"4,669",319.889,"6,581,215",
200,5/17/2021,ROBI,49.2,49.4,47.8,48,49.2,47.7,"12,492",636.285,"13,037,977",
201,5/16/2021,ROBI,47.7,48.2,47.5,48,47.7,47.6,"6,135",317.956,"6,659,736",
202,5/12/2021,ROBI,47.6,48.4,47.3,48.3,47.6,48.2,"5,345",320.052,"6,713,828",
203,5/11/2021,ROBI,48.2,49.5,48.1,48.8,48.2,48.1,"6,514",425.387,"8,742,239",
204,5/9/2021,ROBI,48.1,48.2,46.2,46.5,48.1,45.9,"9,213",590.258,"12,461,189",
205,5/6/2021,ROBI,45.9,46.6,45.3,45.6,45.9,45.6,"4,990",273.493,"5,963,353",
206,5/5/2021,ROBI,45.6,46.4,45.5,46,45.6,46,"4,455",341.387,"7,445,655",
207,5/4/2021,ROBI,46,46.9,45.7,46.6,46,46.2,"3,866",256.412,"5,556,481",
208,5/3/2021,ROBI,46.2,47.3,45.5,45.7,46.2,45.3,"7,055",539.113,"11,636,561",
209,5/2/2021,ROBI,0,0,0,0,45.3,45.3,0,0,0,
210,4/29/2021,ROBI,45.3,45.9,45.1,45.3,45.3,45.1,"3,210",214.443,"4,713,044",
211,4/28/2021,ROBI,45.1,45.4,44.6,45.2,45.1,44.9,"3,417",180.495,"4,006,972",
212,4/27/2021,ROBI,44.9,45.6,44.7,45.6,44.9,45.6,"3,646",220.938,"4,910,398",
213,4/26/2021,ROBI,45.6,46.4,45.5,46.2,45.6,45.9,"3,641",227.428,"4,962,554",
214,4/25/2021,ROBI,45.9,46.3,45.6,46,45.9,45.6,"3,963",258.621,"5,637,135",
215,4/22/2021,ROBI,45.6,46.2,45.4,46,45.6,46.1,"4,132",271.422,"5,930,713",
216,4/21/2021,ROBI,46.1,47.6,45.6,46.7,46.1,46.1,"5,023",313.569,"6,716,473",
217,4/20/2021,ROBI,46.1,46.5,44.2,45,46.1,44.8,"6,061",372.684,"8,240,474",
218,4/19/2021,ROBI,44.8,46,44.6,45.4,44.8,45.4,"4,958",243.547,"5,395,111",
219,4/18/2021,ROBI,45.4,46.5,44.7,46.2,45.4,45.9,"4,102",236.052,"5,198,764",
220,4/15/2021,ROBI,45.9,46.2,45,45.2,45.9,44.8,"4,165",226.618,"4,954,649",
221,4/13/2021,ROBI,44.8,45,42,42.2,44.8,43.2,"4,832",227.565,"5,158,945",
222,4/12/2021,ROBI,43.2,44.7,42.8,43.3,43.2,43.8,"5,306",218.538,"4,987,571",
223,4/11/2021,ROBI,43.8,46,43.2,46,43.8,46.1,"6,024",236.794,"5,373,484",
224,4/8/2021,ROBI,46.1,47.4,45.6,47.4,46.1,47.7,"5,872",299.62,"6,491,765",
225,4/7/2021,ROBI,47.7,49.7,47.2,48,47.7,47.1,"6,550",367.802,"7,633,066",
226,4/6/2021,ROBI,47.1,47.3,43.5,43.6,47.1,43,"7,711",381.031,"8,299,365",
227,4/5/2021,ROBI,43,43.3,40.7,40.7,43,40.5,"3,883",179.798,"4,224,281",
228,4/4/2021,ROBI,40.5,43.2,40.3,43.2,40.5,44.7,"8,305",306.492,"7,398,957",
229,4/1/2021,ROBI,44.7,45.2,43.1,44,44.7,44.3,"5,269",208.094,"4,714,615",
230,3/31/2021,ROBI,44.3,45.8,44.1,45.7,44.3,46,"6,755",302.095,"6,733,748",
231,3/29/2021,ROBI,46,46.9,44.6,44.8,46,44.5,"7,137",307.87,"6,709,757",
232,3/28/2021,ROBI,44.5,44.7,43.7,44,44.5,44.3,"4,152",123.667,"2,784,281",
233,3/25/2021,ROBI,44.3,45.4,43.4,44,44.3,44.2,"5,929",270.724,"6,106,597",
234,3/24/2021,ROBI,44.2,46.3,43.9,46.3,44.2,46.5,"7,935",301.246,"6,686,137",
235,3/23/2021,ROBI,46.5,48,46.3,47.3,46.5,46.8,"6,097",305.513,"6,486,523",
236,3/22/2021,ROBI,46.8,47.1,44.4,45.7,46.8,45.1,"6,870",369.189,"8,048,642",
237,3/21/2021,ROBI,45.1,46.8,44.8,46.7,45.1,46.6,"7,898",357.039,"7,845,676",
238,3/18/2021,ROBI,46.6,48.2,45.9,48,46.6,48.2,"8,625",363.138,"7,759,855",
239,3/16/2021,ROBI,48.2,50.8,48,50,48.2,49,"9,284",378.467,"7,659,778",
240,3/15/2021,ROBI,49,49.3,46.4,46.6,49,46.6,"6,998",327.556,"6,831,621",
241,3/14/2021,ROBI,46.6,48.7,46.4,48.5,46.6,48.5,"8,113",361.791,"7,650,035",
242,3/11/2021,ROBI,48.5,51,48.2,50.5,48.5,50.4,"12,825",645.359,"12,975,314",
243,3/10/2021,ROBI,50.4,53.1,50.2,52.7,50.4,52.4,"11,661",584.827,"11,412,125",
244,3/9/2021,ROBI,52.4,53.5,51,52.1,52.4,50,"17,941","1,290.69","24,585,723",
245,3/8/2021,ROBI,0,0,0,0,50,50,0,0,0,
246,3/7/2021,ROBI,50,50.3,47.3,47.9,50,48,"9,984",611.53,"12,551,810",
247,3/4/2021,ROBI,48,50.9,47.6,49.8,48,49.2,"9,691",535.547,"10,992,215",
248,3/3/2021,ROBI,49.2,49.9,47.2,47.2,49.2,46.8,"12,151",699.882,"14,494,554",
249,3/2/2021,ROBI,46.8,47.3,45.8,46.1,46.8,45.3,"9,369",546.389,"11,712,206",
250,3/1/2021,ROBI,45.3,45.5,43.6,44.1,45.3,43.9,"7,979",413.138,"9,206,187",
251,2/28/2021,ROBI,43.9,46.3,43.6,43.8,43.9,43.7,"10,791",573.682,"12,789,030",
252,2/25/2021,ROBI,43.7,45.3,42.4,43.1,43.7,42,"11,591",584.119,"13,350,205",
253,2/24/2021,ROBI,42,42,39,39.2,42,38.2,"10,674",479.848,"11,757,499",
254,2/23/2021,ROBI,38.2,39.2,36.9,37.4,38.2,36.8,"7,473",272.899,"7,130,641",
255,2/22/2021,ROBI,36.8,39.1,36.1,39,36.8,39.3,"10,523",354.662,"9,508,788",
256,2/18/2021,ROBI,39.3,41.4,39.1,41.3,39.3,41.2,"11,417",442.089,"11,008,917",
257,2/17/2021,ROBI,41.2,42.8,41,42.1,41.2,41.8,"9,602",382.022,"9,167,803",
258,2/16/2021,ROBI,41.8,42.9,39,40.5,41.8,46,"18,850",849.999,"20,481,282",
259,2/15/2021,ROBI,46,46.2,40.7,41.9,46,42,"12,544",464.738,"10,417,398",
260,2/14/2021,ROBI,42,44.9,41.7,44.9,42,44.8,"9,508",353.45,"8,292,128",
261,2/11/2021,ROBI,44.8,46.8,44.3,46.5,44.8,46.5,"11,419",525.847,"11,612,050",
262,2/10/2021,ROBI,46.5,48,44.6,45,46.5,43.8,"16,166",720.073,"15,493,183",
263,2/9/2021,ROBI,43.8,43.8,39.8,40.5,43.8,39.9,"10,518",403.129,"9,621,816",
264,2/8/2021,ROBI,39.9,42.6,39.1,41.7,39.9,41.5,"15,625",510.345,"12,505,082",
265,2/7/2021,ROBI,41.5,45,41.1,44.5,41.5,44.9,"15,301",484.29,"11,275,158",
266,2/4/2021,ROBI,44.9,47,44.1,46.2,44.9,46.8,"17,030",589.577,"13,002,930",
267,2/3/2021,ROBI,46.8,51.3,46,51,46.8,50.7,"18,951",724.832,"15,003,023",
268,2/2/2021,ROBI,50.7,52.2,50.6,52.2,50.7,51.5,"10,415",446.957,"8,720,774",
269,2/1/2021,ROBI,51.5,53.8,51.2,53,51.5,52.4,"8,942",402.717,"7,686,194",
270,1/31/2021,ROBI,52.4,54.4,52.2,54,52.4,53.1,"10,777",550.433,"10,310,683",
271,1/28/2021,ROBI,53.1,54.6,52.5,53,53.1,51.1,"12,991",646.756,"12,125,755",
272,1/27/2021,ROBI,51.1,53.1,50.1,50.5,51.1,50.4,"14,318",657.51,"12,755,015",
273,1/26/2021,ROBI,50.4,54.5,49.5,54.5,50.4,54.7,"26,177","1,034.50","19,860,551",
274,1/25/2021,ROBI,54.7,57.6,53.5,57.6,54.7,57.6,"20,699",907.001,"16,276,123",
275,1/24/2021,ROBI,57.6,60.9,56.7,60.9,57.6,61.7,"20,619","1,086.57","18,630,136",
276,1/21/2021,ROBI,61.7,65.8,61.1,64.6,61.7,63.1,"24,625","1,544.20","24,289,349",
277,1/20/2021,ROBI,63.1,63.1,58,59.9,63.1,57.4,"20,738","1,321.89","21,489,496",
278,1/19/2021,ROBI,57.4,58.9,53,57,57.4,58.5,"31,255","1,468.36","26,366,172",
279,1/18/2021,ROBI,58.5,64.8,58.1,64.8,58.5,64.5,"52,437","2,267.59","37,909,877",
280,1/17/2021,ROBI,64.5,77.1,63.1,77.1,64.5,70.1,"44,183","2,812.71","39,994,623",
281,1/14/2021,ROBI,70.1,70.1,69,70.1,70.1,63.8,"12,122",973.876,"13,904,636",
282,1/13/2021,ROBI,63.8,69.5,60,69.5,63.8,63.2,"77,504","4,365.43","66,258,795",
283,1/12/2021,ROBI,63.2,63.2,63.2,63.2,63.2,57.5,"1,278",82.712,"1,308,729",
284,1/11/2021,ROBI,57.5,57.5,57.5,57.5,57.5,52.3,963,196.819,"3,422,936",
285,1/10/2021,ROBI,52.3,52.3,52.3,52.3,52.3,47.6,"2,473",189.665,"3,626,489",
286,1/7/2021,ROBI,47.6,47.6,47.6,47.6,47.6,43.3,"11,828",618.563,"12,995,020",
287,1/6/2021,ROBI,43.3,43.3,42.7,43.3,43.3,39.4,"27,545",888.11,"20,521,924",
288,1/5/2021,ROBI,39.4,39.4,37.1,39.4,39.4,35.9,"47,810","2,566.86","65,498,764",
289,1/4/2021,ROBI,35.9,35.9,35.9,35.9,35.9,32.7,"1,254",28.304,"788,413",
290,1/3/2021,ROBI,32.7,32.7,32.7,32.7,32.7,29.8,893,16.69,"510,394",
291,12/30/2020,ROBI,29.8,29.8,29.8,29.8,29.8,27.1,"2,098",45.579,"1,529,504",
292,12/29/2020,ROBI,27.1,27.1,27.1,27.1,27.1,24.7,937,12.273,"452,877",
293,12/28/2020,ROBI,24.7,24.7,24.7,24.7,24.7,22.5,"3,239",50.442,"2,042,167",
294,12/27/2020,ROBI,22.5,22.5,22.5,22.5,22.5,15,"6,984",111.102,"4,937,851",
295,12/24/2020,ROBI,15,15,15,15,15,0,80,1.757,"117,162",
